flags,instruction,category,intent,response
B,my technician appointment was missed this morning,FIELDSERVICE,missed_technician_appointment,"I'm really sorry the technician didn't arrive as scheduled. I'll escalate this and get you rebooked for the earliest available slot, with priority handling."
B,we lost internet access for the past hour and nothing i try fixes it,NETWORK,no_internet_connection,"I'm sorry your internet is down. Let's start by power-cycling your gateway: unplug it for 30 seconds, then plug it back in and wait 2 minutes. Let me know if the internet light comes back on."
B,"i pick up the phone and hear nothing, no dial tone at all",NETWORK,no_dial_tone,I'm sorry about the phone line. I'll trigger a remote line diagnostic to check for a dial-tone fault on your circuit.
B,"is there an outage in my area, no one on my street has internet",NETWORK,area_outage_report,Thanks for flagging this — I'll check our outage map for your area right away and update you as soon as I have more information.
B,i just moved in and need the modem installed,FIELDSERVICE,equipment_installation_request,Happy to help set up service at your new address. I'll get an installation appointment booked and confirm what our technician will bring on the day.
B,the internet light on my home hub is off,NETWORK,router_led_issue,Thanks for describing the light on your home hub. That colour usually points to a specific fault — I'll run a remote diagnostic on your line now and follow up with next steps.
B,several of my neighbours also lost service all week,NETWORK,area_outage_report,Thanks for flagging this — I'll check our outage map for your area right away and update you as soon as I have more information.
B,my router has been stuck syncing this morning,NETWORK,line_synchronization_issue,"A line stuck synchronising usually clears after a power-cycle, but if it persists I'll escalate to a line diagnostic on our end."
B,the technician never showed up for my appointment,FIELDSERVICE,missed_technician_appointment,"I'm really sorry the technician didn't arrive as scheduled. I'll escalate this and get you rebooked for the earliest available slot, with priority handling."
B,downloads are extremely slow all week,NETWORK,slow_internet_speed,I understand slow speeds are frustrating. I'll run a line diagnostic to check your sync rate against your plan speed and let you know what I find.
B,several of my neighbours also lost service since I woke up,NETWORK,area_outage_report,Thanks for flagging this — I'll check our outage map for your area right away and update you as soon as I have more information.
B,my internet speed is way slower than what i pay for,NETWORK,slow_internet_speed,I understand slow speeds are frustrating. I'll run a line diagnostic to check your sync rate against your plan speed and let you know what I find.
B,the wiring to my house was damaged during storm work nearby,FIELDSERVICE,cabling_issue_onsite,Thanks for reporting this — damaged cabling needs an on-site inspection. I'll schedule a technician to check and repair the wiring.
B,i just moved in and need the home hub installed,FIELDSERVICE,equipment_installation_request,Happy to help set up service at your new address. I'll get an installation appointment booked and confirm what our technician will bring on the day.
B,internet cuts out intermittently all week,NETWORK,intermittent_connection,Intermittent drops are usually a line-sync or cabling issue. I'll check your connection history for repeated re-sync events over the last 24 hours.
B,i need to install a new internet connection at my new address,FIELDSERVICE,equipment_installation_request,Happy to help set up service at your new address. I'll get an installation appointment booked and confirm what our technician will bring on the day.
B,the connection never finishes synchronising with the exchange,NETWORK,line_synchronization_issue,"A line stuck synchronising usually clears after a power-cycle, but if it persists I'll escalate to a line diagnostic on our end."
B,can i get an update on when the technician will arrive,FIELDSERVICE,technician_visit_status,Let me check the current status of your scheduled visit and give you an updated arrival window.
B,streaming keeps buffering because the speed is too low,NETWORK,slow_internet_speed,I understand slow speeds are frustrating. I'll run a line diagnostic to check your sync rate against your plan speed and let you know what I find.
B,please schedule an installation for my new house,FIELDSERVICE,equipment_installation_request,Happy to help set up service at your new address. I'll get an installation appointment booked and confirm what our technician will bring on the day.
B,"is there an outage in my area, no one on my street has internet",NETWORK,area_outage_report,Thanks for flagging this — I'll check our outage map for your area right away and update you as soon as I have more information.
B,please book a technician visit for my address,FIELDSERVICE,schedule_technician_visit,I can arrange an on-site visit. Let me check the earliest available slot for your address and confirm the appointment window with you.
B,i need someone to come look at my connection in person,FIELDSERVICE,schedule_technician_visit,I can arrange an on-site visit. Let me check the earliest available slot for your address and confirm the appointment window with you.
B,my modem keeps rebooting on its own,NETWORK,router_led_issue,Thanks for describing the light on your gateway. That colour usually points to a specific fault — I'll run a remote diagnostic on your line now and follow up with next steps.
B,the connection never finishes synchronising with the exchange,NETWORK,line_synchronization_issue,"A line stuck synchronising usually clears after a power-cycle, but if it persists I'll escalate to a line diagnostic on our end."
B,can i get an update on when the technician will arrive,FIELDSERVICE,technician_visit_status,Let me check the current status of your scheduled visit and give you an updated arrival window.
B,my modem shows a solid red light and wont connect,NETWORK,router_led_issue,Thanks for describing the light on your gateway. That colour usually points to a specific fault — I'll run a remote diagnostic on your line now and follow up with next steps.
B,we lost internet access since last night and nothing i try fixes it,NETWORK,no_internet_connection,"I'm sorry your internet is down. Let's start by power-cycling your ONT box: unplug it for 30 seconds, then plug it back in and wait 2 minutes. Let me know if the internet light comes back on."
B,my internet speed is way slower than what i pay for,NETWORK,slow_internet_speed,I understand slow speeds are frustrating. I'll run a line diagnostic to check your sync rate against your plan speed and let you know what I find.
B,the line keeps losing sync and reconnecting,NETWORK,intermittent_connection,Intermittent drops are usually a line-sync or cabling issue. I'll check your connection history for repeated re-sync events over the last 24 hours.
B,the cable running into my house looks damaged,FIELDSERVICE,cabling_issue_onsite,Thanks for reporting this — damaged cabling needs an on-site inspection. I'll schedule a technician to check and repair the wiring.
B,there is a loose cable outside near the wall box,FIELDSERVICE,cabling_issue_onsite,Thanks for reporting this — damaged cabling needs an on-site inspection. I'll schedule a technician to check and repair the wiring.
B,what time will the engineer come today,FIELDSERVICE,technician_visit_status,Let me check the current status of your scheduled visit and give you an updated arrival window.
B,i waited all day and no one came for the scheduled visit,FIELDSERVICE,missed_technician_appointment,"I'm really sorry the technician didn't arrive as scheduled. I'll escalate this and get you rebooked for the earliest available slot, with priority handling."
B,my home hub keeps rebooting on its own,NETWORK,router_led_issue,Thanks for describing the light on your modem. That colour usually points to a specific fault — I'll run a remote diagnostic on your line now and follow up with next steps.
B,we lost internet access since yesterday and nothing i try fixes it,NETWORK,no_internet_connection,"I'm sorry your internet is down. Let's start by power-cycling your modem: unplug it for 30 seconds, then plug it back in and wait 2 minutes. Let me know if the internet light comes back on."
B,what time will the engineer come today,FIELDSERVICE,technician_visit_status,Let me check the current status of your scheduled visit and give you an updated arrival window.
B,i waited all day and no one came for the scheduled visit,FIELDSERVICE,missed_technician_appointment,"I'm really sorry the technician didn't arrive as scheduled. I'll escalate this and get you rebooked for the earliest available slot, with priority handling."
B,"my internet has been down all week, please help",NETWORK,no_internet_connection,"I'm sorry your internet is down. Let's start by power-cycling your router: unplug it for 30 seconds, then plug it back in and wait 2 minutes. Let me know if the internet light comes back on."
B,"is there an outage in my area, no one on my street has internet",NETWORK,area_outage_report,Thanks for flagging this — I'll check our outage map for your area right away and update you as soon as I have more information.
B,the technician never showed up for my appointment,FIELDSERVICE,missed_technician_appointment,"I'm really sorry the technician didn't arrive as scheduled. I'll escalate this and get you rebooked for the earliest available slot, with priority handling."
B,my internet speed is way slower than what i pay for,NETWORK,slow_internet_speed,I understand slow speeds are frustrating. I'll run a line diagnostic to check your sync rate against your plan speed and let you know what I find.
B,my gateway keeps rebooting on its own,NETWORK,router_led_issue,Thanks for describing the light on your modem. That colour usually points to a specific fault — I'll run a remote diagnostic on your line now and follow up with next steps.
B,i have no internet connection this morning,NETWORK,no_internet_connection,"I'm sorry your internet is down. Let's start by power-cycling your home hub: unplug it for 30 seconds, then plug it back in and wait 2 minutes. Let me know if the internet light comes back on."
B,internet cuts out intermittently all week,NETWORK,intermittent_connection,Intermittent drops are usually a line-sync or cabling issue. I'll check your connection history for repeated re-sync events over the last 24 hours.
B,the line status shows still synchronising and never finishes,NETWORK,line_synchronization_issue,"A line stuck synchronising usually clears after a power-cycle, but if it persists I'll escalate to a line diagnostic on our end."
B,the connection speed dropped a lot since last night,NETWORK,slow_internet_speed,I understand slow speeds are frustrating. I'll run a line diagnostic to check your sync rate against your plan speed and let you know what I find.
B,the technician never showed up for my appointment,FIELDSERVICE,missed_technician_appointment,"I'm really sorry the technician didn't arrive as scheduled. I'll escalate this and get you rebooked for the earliest available slot, with priority handling."
B,i need to install a new internet connection at my new address,FIELDSERVICE,equipment_installation_request,Happy to help set up service at your new address. I'll get an installation appointment booked and confirm what our technician will bring on the day.
B,please book a technician visit for my address,FIELDSERVICE,schedule_technician_visit,I can arrange an on-site visit. Let me check the earliest available slot for your address and confirm the appointment window with you.
B,please schedule an installation for my new house,FIELDSERVICE,equipment_installation_request,Happy to help set up service at your new address. I'll get an installation appointment booked and confirm what our technician will bring on the day.
B,streaming keeps buffering because the speed is too low,NETWORK,slow_internet_speed,I understand slow speeds are frustrating. I'll run a line diagnostic to check your sync rate against your plan speed and let you know what I find.
B,there is no dial tone on my landline,NETWORK,no_dial_tone,I'm sorry about the phone line. I'll trigger a remote line diagnostic to check for a dial-tone fault on your circuit.
B,my ONT box keeps rebooting on its own,NETWORK,router_led_issue,Thanks for describing the light on your router. That colour usually points to a specific fault — I'll run a remote diagnostic on your line now and follow up with next steps.
B,there is a loose cable outside near the wall box,FIELDSERVICE,cabling_issue_onsite,Thanks for reporting this — damaged cabling needs an on-site inspection. I'll schedule a technician to check and repair the wiring.
B,the internet light on my ONT box is off,NETWORK,router_led_issue,Thanks for describing the light on your home hub. That colour usually points to a specific fault — I'll run a remote diagnostic on your line now and follow up with next steps.
B,please schedule an installation for my new house,FIELDSERVICE,equipment_installation_request,Happy to help set up service at your new address. I'll get an installation appointment booked and confirm what our technician will bring on the day.
B,"i pick up the phone and hear nothing, no dial tone at all",NETWORK,no_dial_tone,I'm sorry about the phone line. I'll trigger a remote line diagnostic to check for a dial-tone fault on your circuit.
B,the line keeps losing sync and reconnecting,NETWORK,intermittent_connection,Intermittent drops are usually a line-sync or cabling issue. I'll check your connection history for repeated re-sync events over the last 24 hours.
B,the gateway power light is orange,NETWORK,router_led_issue,Thanks for describing the light on your gateway. That colour usually points to a specific fault — I'll run a remote diagnostic on your line now and follow up with next steps.
B,my connection keeps dropping every few minutes,NETWORK,intermittent_connection,Intermittent drops are usually a line-sync or cabling issue. I'll check your connection history for repeated re-sync events over the last 24 hours.
B,what time will the engineer come today,FIELDSERVICE,technician_visit_status,Let me check the current status of your scheduled visit and give you an updated arrival window.
B,the cable running into my house looks damaged,FIELDSERVICE,cabling_issue_onsite,Thanks for reporting this — damaged cabling needs an on-site inspection. I'll schedule a technician to check and repair the wiring.
B,my modem shows a orange light and wont connect,NETWORK,router_led_issue,Thanks for describing the light on your router. That colour usually points to a specific fault — I'll run a remote diagnostic on your line now and follow up with next steps.
B,please book a technician visit for my address,FIELDSERVICE,schedule_technician_visit,I can arrange an on-site visit. Let me check the earliest available slot for your address and confirm the appointment window with you.
B,internet cuts out intermittently since last night,NETWORK,intermittent_connection,Intermittent drops are usually a line-sync or cabling issue. I'll check your connection history for repeated re-sync events over the last 24 hours.
B,i have no internet connection for the past hour,NETWORK,no_internet_connection,"I'm sorry your internet is down. Let's start by power-cycling your gateway: unplug it for 30 seconds, then plug it back in and wait 2 minutes. Let me know if the internet light comes back on."
B,i need someone to come look at my connection in person,FIELDSERVICE,schedule_technician_visit,I can arrange an on-site visit. Let me check the earliest available slot for your address and confirm the appointment window with you.
B,i have no internet connection since I woke up,NETWORK,no_internet_connection,"I'm sorry your internet is down. Let's start by power-cycling your modem: unplug it for 30 seconds, then plug it back in and wait 2 minutes. Let me know if the internet light comes back on."
B,the technician never showed up for my appointment,FIELDSERVICE,missed_technician_appointment,"I'm really sorry the technician didn't arrive as scheduled. I'll escalate this and get you rebooked for the earliest available slot, with priority handling."
B,how long until the field technician gets to my address,FIELDSERVICE,technician_visit_status,Let me check the current status of your scheduled visit and give you an updated arrival window.
B,downloads are extremely slow for the past hour,NETWORK,slow_internet_speed,I understand slow speeds are frustrating. I'll run a line diagnostic to check your sync rate against your plan speed and let you know what I find.
B,the connection speed dropped a lot this morning,NETWORK,slow_internet_speed,I understand slow speeds are frustrating. I'll run a line diagnostic to check your sync rate against your plan speed and let you know what I find.
B,"i pick up the phone and hear nothing, no dial tone at all",NETWORK,no_dial_tone,I'm sorry about the phone line. I'll trigger a remote line diagnostic to check for a dial-tone fault on your circuit.
B,my technician appointment was missed this morning,FIELDSERVICE,missed_technician_appointment,"I'm really sorry the technician didn't arrive as scheduled. I'll escalate this and get you rebooked for the earliest available slot, with priority handling."
B,several of my neighbours also lost service this morning,NETWORK,area_outage_report,Thanks for flagging this — I'll check our outage map for your area right away and update you as soon as I have more information.
B,"my internet has been down since last night, please help",NETWORK,no_internet_connection,"I'm sorry your internet is down. Let's start by power-cycling your ONT box: unplug it for 30 seconds, then plug it back in and wait 2 minutes. Let me know if the internet light comes back on."
B,there is no internet at my house since yesterday,NETWORK,no_internet_connection,"I'm sorry your internet is down. Let's start by power-cycling your home hub: unplug it for 30 seconds, then plug it back in and wait 2 minutes. Let me know if the internet light comes back on."
B,how long until the field technician gets to my address,FIELDSERVICE,technician_visit_status,Let me check the current status of your scheduled visit and give you an updated arrival window.
B,"is there an outage in my area, no one on my street has internet",NETWORK,area_outage_report,Thanks for flagging this — I'll check our outage map for your area right away and update you as soon as I have more information.
B,my router has been stuck syncing this morning,NETWORK,line_synchronization_issue,"A line stuck synchronising usually clears after a power-cycle, but if it persists I'll escalate to a line diagnostic on our end."
B,my technician appointment was missed since last night,FIELDSERVICE,missed_technician_appointment,"I'm really sorry the technician didn't arrive as scheduled. I'll escalate this and get you rebooked for the earliest available slot, with priority handling."
B,the line status shows still synchronising and never finishes,NETWORK,line_synchronization_issue,"A line stuck synchronising usually clears after a power-cycle, but if it persists I'll escalate to a line diagnostic on our end."
B,my technician appointment was missed since yesterday,FIELDSERVICE,missed_technician_appointment,"I'm really sorry the technician didn't arrive as scheduled. I'll escalate this and get you rebooked for the earliest available slot, with priority handling."
B,the line keeps losing sync and reconnecting,NETWORK,intermittent_connection,Intermittent drops are usually a line-sync or cabling issue. I'll check your connection history for repeated re-sync events over the last 24 hours.
B,what time will the engineer come today,FIELDSERVICE,technician_visit_status,Let me check the current status of your scheduled visit and give you an updated arrival window.
B,there is no internet at my house since I woke up,NETWORK,no_internet_connection,"I'm sorry your internet is down. Let's start by power-cycling your gateway: unplug it for 30 seconds, then plug it back in and wait 2 minutes. Let me know if the internet light comes back on."
B,i have no internet connection since I woke up,NETWORK,no_internet_connection,"I'm sorry your internet is down. Let's start by power-cycling your home hub: unplug it for 30 seconds, then plug it back in and wait 2 minutes. Let me know if the internet light comes back on."
B,"is there an outage in my area, no one on my street has internet",NETWORK,area_outage_report,Thanks for flagging this — I'll check our outage map for your area right away and update you as soon as I have more information.
B,my gateway keeps rebooting on its own,NETWORK,router_led_issue,Thanks for describing the light on your gateway. That colour usually points to a specific fault — I'll run a remote diagnostic on your line now and follow up with next steps.
B,there is no internet at my house since last night,NETWORK,no_internet_connection,"I'm sorry your internet is down. Let's start by power-cycling your ONT box: unplug it for 30 seconds, then plug it back in and wait 2 minutes. Let me know if the internet light comes back on."
B,i need someone to come look at my connection in person,FIELDSERVICE,schedule_technician_visit,I can arrange an on-site visit. Let me check the earliest available slot for your address and confirm the appointment window with you.
B,the connection never finishes synchronising with the exchange,NETWORK,line_synchronization_issue,"A line stuck synchronising usually clears after a power-cycle, but if it persists I'll escalate to a line diagnostic on our end."
B,my router has been stuck syncing since I woke up,NETWORK,line_synchronization_issue,"A line stuck synchronising usually clears after a power-cycle, but if it persists I'll escalate to a line diagnostic on our end."
B,we lost internet access for the past hour and nothing i try fixes it,NETWORK,no_internet_connection,"I'm sorry your internet is down. Let's start by power-cycling your gateway: unplug it for 30 seconds, then plug it back in and wait 2 minutes. Let me know if the internet light comes back on."
B,the wifi disconnects randomly throughout the day,NETWORK,intermittent_connection,Intermittent drops are usually a line-sync or cabling issue. I'll check your connection history for repeated re-sync events over the last 24 hours.
B,internet cuts out intermittently all week,NETWORK,intermittent_connection,Intermittent drops are usually a line-sync or cabling issue. I'll check your connection history for repeated re-sync events over the last 24 hours.
B,my gateway shows a orange light and wont connect,NETWORK,router_led_issue,Thanks for describing the light on your ONT box. That colour usually points to a specific fault — I'll run a remote diagnostic on your line now and follow up with next steps.
B,the internet light on my home hub is off,NETWORK,router_led_issue,Thanks for describing the light on your modem. That colour usually points to a specific fault — I'll run a remote diagnostic on your line now and follow up with next steps.
B,there is no internet at my house all week,NETWORK,no_internet_connection,"I'm sorry your internet is down. Let's start by power-cycling your router: unplug it for 30 seconds, then plug it back in and wait 2 minutes. Let me know if the internet light comes back on."
B,the wiring to my house was damaged during storm work nearby,FIELDSERVICE,cabling_issue_onsite,Thanks for reporting this — damaged cabling needs an on-site inspection. I'll schedule a technician to check and repair the wiring.
B,the ONT box power light is orange,NETWORK,router_led_issue,Thanks for describing the light on your modem. That colour usually points to a specific fault — I'll run a remote diagnostic on your line now and follow up with next steps.
B,the wifi disconnects randomly throughout the day,NETWORK,intermittent_connection,Intermittent drops are usually a line-sync or cabling issue. I'll check your connection history for repeated re-sync events over the last 24 hours.
B,my modem shows a solid red light and wont connect,NETWORK,router_led_issue,Thanks for describing the light on your home hub. That colour usually points to a specific fault — I'll run a remote diagnostic on your line now and follow up with next steps.
B,what time will the engineer come today,FIELDSERVICE,technician_visit_status,Let me check the current status of your scheduled visit and give you an updated arrival window.
B,my modem has been stuck syncing all week,NETWORK,line_synchronization_issue,"A line stuck synchronising usually clears after a power-cycle, but if it persists I'll escalate to a line diagnostic on our end."
B,there is no dial tone on my landline,NETWORK,no_dial_tone,I'm sorry about the phone line. I'll trigger a remote line diagnostic to check for a dial-tone fault on your circuit.
B,there is no dial tone on my landline,NETWORK,no_dial_tone,I'm sorry about the phone line. I'll trigger a remote line diagnostic to check for a dial-tone fault on your circuit.
B,the router power light is blinking red,NETWORK,router_led_issue,Thanks for describing the light on your router. That colour usually points to a specific fault — I'll run a remote diagnostic on your line now and follow up with next steps.
B,the technician never showed up for my appointment,FIELDSERVICE,missed_technician_appointment,"I'm really sorry the technician didn't arrive as scheduled. I'll escalate this and get you rebooked for the earliest available slot, with priority handling."
B,my connection keeps dropping every few minutes,NETWORK,intermittent_connection,Intermittent drops are usually a line-sync or cabling issue. I'll check your connection history for repeated re-sync events over the last 24 hours.
B,please schedule an installation for my new house,FIELDSERVICE,equipment_installation_request,Happy to help set up service at your new address. I'll get an installation appointment booked and confirm what our technician will bring on the day.
B,i just moved in and need the gateway installed,FIELDSERVICE,equipment_installation_request,Happy to help set up service at your new address. I'll get an installation appointment booked and confirm what our technician will bring on the day.
B,can you send a technician to fix my modem,FIELDSERVICE,schedule_technician_visit,I can arrange an on-site visit. Let me check the earliest available slot for your address and confirm the appointment window with you.
B,please schedule an installation for my new house,FIELDSERVICE,equipment_installation_request,Happy to help set up service at your new address. I'll get an installation appointment booked and confirm what our technician will bring on the day.
B,"my internet has been down this morning, please help",NETWORK,no_internet_connection,"I'm sorry your internet is down. Let's start by power-cycling your modem: unplug it for 30 seconds, then plug it back in and wait 2 minutes. Let me know if the internet light comes back on."
B,i waited all day and no one came for the scheduled visit,FIELDSERVICE,missed_technician_appointment,"I'm really sorry the technician didn't arrive as scheduled. I'll escalate this and get you rebooked for the earliest available slot, with priority handling."
B,"is there an outage in my area, no one on my street has internet",NETWORK,area_outage_report,Thanks for flagging this — I'll check our outage map for your area right away and update you as soon as I have more information.
B,the line keeps losing sync and reconnecting,NETWORK,intermittent_connection,Intermittent drops are usually a line-sync or cabling issue. I'll check your connection history for repeated re-sync events over the last 24 hours.
B,the wifi disconnects randomly throughout the day,NETWORK,intermittent_connection,Intermittent drops are usually a line-sync or cabling issue. I'll check your connection history for repeated re-sync events over the last 24 hours.
B,"the remote fixes didn't work, i need an engineer on site",FIELDSERVICE,schedule_technician_visit,I can arrange an on-site visit. Let me check the earliest available slot for your address and confirm the appointment window with you.
B,the line status shows still synchronising and never finishes,NETWORK,line_synchronization_issue,"A line stuck synchronising usually clears after a power-cycle, but if it persists I'll escalate to a line diagnostic on our end."
B,can you send a technician to fix my router,FIELDSERVICE,schedule_technician_visit,I can arrange an on-site visit. Let me check the earliest available slot for your address and confirm the appointment window with you.
B,can you send a technician to fix my gateway,FIELDSERVICE,schedule_technician_visit,I can arrange an on-site visit. Let me check the earliest available slot for your address and confirm the appointment window with you.
B,my whole neighbourhood seems to be without internet since yesterday,NETWORK,area_outage_report,Thanks for flagging this — I'll check our outage map for your area right away and update you as soon as I have more information.
B,"the remote fixes didn't work, i need an engineer on site",FIELDSERVICE,schedule_technician_visit,I can arrange an on-site visit. Let me check the earliest available slot for your address and confirm the appointment window with you.
B,there is no dial tone on my landline,NETWORK,no_dial_tone,I'm sorry about the phone line. I'll trigger a remote line diagnostic to check for a dial-tone fault on your circuit.
B,the wifi disconnects randomly throughout the day,NETWORK,intermittent_connection,Intermittent drops are usually a line-sync or cabling issue. I'll check your connection history for repeated re-sync events over the last 24 hours.
B,the internet light on my gateway is off,NETWORK,router_led_issue,Thanks for describing the light on your modem. That colour usually points to a specific fault — I'll run a remote diagnostic on your line now and follow up with next steps.
B,the router power light is red,NETWORK,router_led_issue,Thanks for describing the light on your home hub. That colour usually points to a specific fault — I'll run a remote diagnostic on your line now and follow up with next steps.
B,i have no internet connection since last night,NETWORK,no_internet_connection,"I'm sorry your internet is down. Let's start by power-cycling your modem: unplug it for 30 seconds, then plug it back in and wait 2 minutes. Let me know if the internet light comes back on."
B,internet cuts out intermittently this morning,NETWORK,intermittent_connection,Intermittent drops are usually a line-sync or cabling issue. I'll check your connection history for repeated re-sync events over the last 24 hours.
B,the connection never finishes synchronising with the exchange,NETWORK,line_synchronization_issue,"A line stuck synchronising usually clears after a power-cycle, but if it persists I'll escalate to a line diagnostic on our end."
B,streaming keeps buffering because the speed is too low,NETWORK,slow_internet_speed,I understand slow speeds are frustrating. I'll run a line diagnostic to check your sync rate against your plan speed and let you know what I find.
B,we lost internet access all week and nothing i try fixes it,NETWORK,no_internet_connection,"I'm sorry your internet is down. Let's start by power-cycling your ONT box: unplug it for 30 seconds, then plug it back in and wait 2 minutes. Let me know if the internet light comes back on."
B,my home hub keeps rebooting on its own,NETWORK,router_led_issue,Thanks for describing the light on your modem. That colour usually points to a specific fault — I'll run a remote diagnostic on your line now and follow up with next steps.
B,there is a loose cable outside near the wall box,FIELDSERVICE,cabling_issue_onsite,Thanks for reporting this — damaged cabling needs an on-site inspection. I'll schedule a technician to check and repair the wiring.
B,how long until the field technician gets to my address,FIELDSERVICE,technician_visit_status,Let me check the current status of your scheduled visit and give you an updated arrival window.
B,we lost internet access this morning and nothing i try fixes it,NETWORK,no_internet_connection,"I'm sorry your internet is down. Let's start by power-cycling your gateway: unplug it for 30 seconds, then plug it back in and wait 2 minutes. Let me know if the internet light comes back on."
B,the technician never showed up for my appointment,FIELDSERVICE,missed_technician_appointment,"I'm really sorry the technician didn't arrive as scheduled. I'll escalate this and get you rebooked for the earliest available slot, with priority handling."
B,my whole neighbourhood seems to be without internet since last night,NETWORK,area_outage_report,Thanks for flagging this — I'll check our outage map for your area right away and update you as soon as I have more information.
B,several of my neighbours also lost service this morning,NETWORK,area_outage_report,Thanks for flagging this — I'll check our outage map for your area right away and update you as soon as I have more information.
B,streaming keeps buffering because the speed is too low,NETWORK,slow_internet_speed,I understand slow speeds are frustrating. I'll run a line diagnostic to check your sync rate against your plan speed and let you know what I find.
B,my whole neighbourhood seems to be without internet since I woke up,NETWORK,area_outage_report,Thanks for flagging this — I'll check our outage map for your area right away and update you as soon as I have more information.
B,i just moved in and need the ONT box installed,FIELDSERVICE,equipment_installation_request,Happy to help set up service at your new address. I'll get an installation appointment booked and confirm what our technician will bring on the day.
B,there is no internet at my house this morning,NETWORK,no_internet_connection,"I'm sorry your internet is down. Let's start by power-cycling your router: unplug it for 30 seconds, then plug it back in and wait 2 minutes. Let me know if the internet light comes back on."
B,"i pick up the phone and hear nothing, no dial tone at all",NETWORK,no_dial_tone,I'm sorry about the phone line. I'll trigger a remote line diagnostic to check for a dial-tone fault on your circuit.
B,the connection speed dropped a lot this morning,NETWORK,slow_internet_speed,I understand slow speeds are frustrating. I'll run a line diagnostic to check your sync rate against your plan speed and let you know what I find.
B,streaming keeps buffering because the speed is too low,NETWORK,slow_internet_speed,I understand slow speeds are frustrating. I'll run a line diagnostic to check your sync rate against your plan speed and let you know what I find.
B,my gateway has been stuck syncing this morning,NETWORK,line_synchronization_issue,"A line stuck synchronising usually clears after a power-cycle, but if it persists I'll escalate to a line diagnostic on our end."
B,there is no dial tone on my landline,NETWORK,no_dial_tone,I'm sorry about the phone line. I'll trigger a remote line diagnostic to check for a dial-tone fault on your circuit.
B,the cable running into my house looks damaged,FIELDSERVICE,cabling_issue_onsite,Thanks for reporting this — damaged cabling needs an on-site inspection. I'll schedule a technician to check and repair the wiring.
B,i need to install a new internet connection at my new address,FIELDSERVICE,equipment_installation_request,Happy to help set up service at your new address. I'll get an installation appointment booked and confirm what our technician will bring on the day.
B,internet cuts out intermittently since I woke up,NETWORK,intermittent_connection,Intermittent drops are usually a line-sync or cabling issue. I'll check your connection history for repeated re-sync events over the last 24 hours.
B,there is no internet at my house this morning,NETWORK,no_internet_connection,"I'm sorry your internet is down. Let's start by power-cycling your router: unplug it for 30 seconds, then plug it back in and wait 2 minutes. Let me know if the internet light comes back on."
B,the connection never finishes synchronising with the exchange,NETWORK,line_synchronization_issue,"A line stuck synchronising usually clears after a power-cycle, but if it persists I'll escalate to a line diagnostic on our end."
B,the wifi disconnects randomly throughout the day,NETWORK,intermittent_connection,Intermittent drops are usually a line-sync or cabling issue. I'll check your connection history for repeated re-sync events over the last 24 hours.
B,the internet light on my modem is off,NETWORK,router_led_issue,Thanks for describing the light on your gateway. That colour usually points to a specific fault — I'll run a remote diagnostic on your line now and follow up with next steps.
B,streaming keeps buffering because the speed is too low,NETWORK,slow_internet_speed,I understand slow speeds are frustrating. I'll run a line diagnostic to check your sync rate against your plan speed and let you know what I find.
B,i waited all day and no one came for the scheduled visit,FIELDSERVICE,missed_technician_appointment,"I'm really sorry the technician didn't arrive as scheduled. I'll escalate this and get you rebooked for the earliest available slot, with priority handling."
B,"i pick up the phone and hear nothing, no dial tone at all",NETWORK,no_dial_tone,I'm sorry about the phone line. I'll trigger a remote line diagnostic to check for a dial-tone fault on your circuit.
B,the wiring to my house was damaged during storm work nearby,FIELDSERVICE,cabling_issue_onsite,Thanks for reporting this — damaged cabling needs an on-site inspection. I'll schedule a technician to check and repair the wiring.
B,there is no dial tone on my landline,NETWORK,no_dial_tone,I'm sorry about the phone line. I'll trigger a remote line diagnostic to check for a dial-tone fault on your circuit.
B,my internet speed is way slower than what i pay for,NETWORK,slow_internet_speed,I understand slow speeds are frustrating. I'll run a line diagnostic to check your sync rate against your plan speed and let you know what I find.
B,there is no internet at my house this morning,NETWORK,no_internet_connection,"I'm sorry your internet is down. Let's start by power-cycling your router: unplug it for 30 seconds, then plug it back in and wait 2 minutes. Let me know if the internet light comes back on."
B,my connection keeps dropping every few minutes,NETWORK,intermittent_connection,Intermittent drops are usually a line-sync or cabling issue. I'll check your connection history for repeated re-sync events over the last 24 hours.
B,i need someone to come look at my connection in person,FIELDSERVICE,schedule_technician_visit,I can arrange an on-site visit. Let me check the earliest available slot for your address and confirm the appointment window with you.
B,can i get an update on when the technician will arrive,FIELDSERVICE,technician_visit_status,Let me check the current status of your scheduled visit and give you an updated arrival window.
B,"i pick up the phone and hear nothing, no dial tone at all",NETWORK,no_dial_tone,I'm sorry about the phone line. I'll trigger a remote line diagnostic to check for a dial-tone fault on your circuit.
B,"i pick up the phone and hear nothing, no dial tone at all",NETWORK,no_dial_tone,I'm sorry about the phone line. I'll trigger a remote line diagnostic to check for a dial-tone fault on your circuit.
B,the line status shows still synchronising and never finishes,NETWORK,line_synchronization_issue,"A line stuck synchronising usually clears after a power-cycle, but if it persists I'll escalate to a line diagnostic on our end."
B,downloads are extremely slow since last night,NETWORK,slow_internet_speed,I understand slow speeds are frustrating. I'll run a line diagnostic to check your sync rate against your plan speed and let you know what I find.
B,my home hub shows a red light and wont connect,NETWORK,router_led_issue,Thanks for describing the light on your ONT box. That colour usually points to a specific fault — I'll run a remote diagnostic on your line now and follow up with next steps.
B,my router has been stuck syncing since I woke up,NETWORK,line_synchronization_issue,"A line stuck synchronising usually clears after a power-cycle, but if it persists I'll escalate to a line diagnostic on our end."
B,i just moved in and need the home hub installed,FIELDSERVICE,equipment_installation_request,Happy to help set up service at your new address. I'll get an installation appointment booked and confirm what our technician will bring on the day.
B,my gateway has been stuck syncing since yesterday,NETWORK,line_synchronization_issue,"A line stuck synchronising usually clears after a power-cycle, but if it persists I'll escalate to a line diagnostic on our end."
B,my connection keeps dropping every few minutes,NETWORK,intermittent_connection,Intermittent drops are usually a line-sync or cabling issue. I'll check your connection history for repeated re-sync events over the last 24 hours.
B,what time will the engineer come today,FIELDSERVICE,technician_visit_status,Let me check the current status of your scheduled visit and give you an updated arrival window.
B,there is no dial tone on my landline,NETWORK,no_dial_tone,I'm sorry about the phone line. I'll trigger a remote line diagnostic to check for a dial-tone fault on your circuit.
B,downloads are extremely slow all week,NETWORK,slow_internet_speed,I understand slow speeds are frustrating. I'll run a line diagnostic to check your sync rate against your plan speed and let you know what I find.
B,my connection keeps dropping every few minutes,NETWORK,intermittent_connection,Intermittent drops are usually a line-sync or cabling issue. I'll check your connection history for repeated re-sync events over the last 24 hours.
B,i waited all day and no one came for the scheduled visit,FIELDSERVICE,missed_technician_appointment,"I'm really sorry the technician didn't arrive as scheduled. I'll escalate this and get you rebooked for the earliest available slot, with priority handling."
B,my technician appointment was missed all week,FIELDSERVICE,missed_technician_appointment,"I'm really sorry the technician didn't arrive as scheduled. I'll escalate this and get you rebooked for the earliest available slot, with priority handling."
B,the internet light on my ONT box is off,NETWORK,router_led_issue,Thanks for describing the light on your modem. That colour usually points to a specific fault — I'll run a remote diagnostic on your line now and follow up with next steps.
B,can i get an update on when the technician will arrive,FIELDSERVICE,technician_visit_status,Let me check the current status of your scheduled visit and give you an updated arrival window.
B,the connection never finishes synchronising with the exchange,NETWORK,line_synchronization_issue,"A line stuck synchronising usually clears after a power-cycle, but if it persists I'll escalate to a line diagnostic on our end."
B,please book a technician visit for my address,FIELDSERVICE,schedule_technician_visit,I can arrange an on-site visit. Let me check the earliest available slot for your address and confirm the appointment window with you.
B,there is no dial tone on my landline,NETWORK,no_dial_tone,I'm sorry about the phone line. I'll trigger a remote line diagnostic to check for a dial-tone fault on your circuit.
B,i need someone to come look at my connection in person,FIELDSERVICE,schedule_technician_visit,I can arrange an on-site visit. Let me check the earliest available slot for your address and confirm the appointment window with you.
B,"is there an outage in my area, no one on my street has internet",NETWORK,area_outage_report,Thanks for flagging this — I'll check our outage map for your area right away and update you as soon as I have more information.
B,please schedule an installation for my new house,FIELDSERVICE,equipment_installation_request,Happy to help set up service at your new address. I'll get an installation appointment booked and confirm what our technician will bring on the day.
B,my router keeps rebooting on its own,NETWORK,router_led_issue,Thanks for describing the light on your router. That colour usually points to a specific fault — I'll run a remote diagnostic on your line now and follow up with next steps.
B,the technician never showed up for my appointment,FIELDSERVICE,missed_technician_appointment,"I'm really sorry the technician didn't arrive as scheduled. I'll escalate this and get you rebooked for the earliest available slot, with priority handling."
B,there is a loose cable outside near the wall box,FIELDSERVICE,cabling_issue_onsite,Thanks for reporting this — damaged cabling needs an on-site inspection. I'll schedule a technician to check and repair the wiring.
B,the cable running into my house looks damaged,FIELDSERVICE,cabling_issue_onsite,Thanks for reporting this — damaged cabling needs an on-site inspection. I'll schedule a technician to check and repair the wiring.
B,i have no internet connection this morning,NETWORK,no_internet_connection,"I'm sorry your internet is down. Let's start by power-cycling your ONT box: unplug it for 30 seconds, then plug it back in and wait 2 minutes. Let me know if the internet light comes back on."
B,there is a loose cable outside near the wall box,FIELDSERVICE,cabling_issue_onsite,Thanks for reporting this — damaged cabling needs an on-site inspection. I'll schedule a technician to check and repair the wiring.
B,downloads are extremely slow this morning,NETWORK,slow_internet_speed,I understand slow speeds are frustrating. I'll run a line diagnostic to check your sync rate against your plan speed and let you know what I find.
B,streaming keeps buffering because the speed is too low,NETWORK,slow_internet_speed,I understand slow speeds are frustrating. I'll run a line diagnostic to check your sync rate against your plan speed and let you know what I find.
B,the wiring to my house was damaged during storm work nearby,FIELDSERVICE,cabling_issue_onsite,Thanks for reporting this — damaged cabling needs an on-site inspection. I'll schedule a technician to check and repair the wiring.
B,the line keeps losing sync and reconnecting,NETWORK,intermittent_connection,Intermittent drops are usually a line-sync or cabling issue. I'll check your connection history for repeated re-sync events over the last 24 hours.
B,my ONT box shows a solid red light and wont connect,NETWORK,router_led_issue,Thanks for describing the light on your home hub. That colour usually points to a specific fault — I'll run a remote diagnostic on your line now and follow up with next steps.
B,"is there an outage in my area, no one on my street has internet",NETWORK,area_outage_report,Thanks for flagging this — I'll check our outage map for your area right away and update you as soon as I have more information.
B,what time will the engineer come today,FIELDSERVICE,technician_visit_status,Let me check the current status of your scheduled visit and give you an updated arrival window.
B,several of my neighbours also lost service since I woke up,NETWORK,area_outage_report,Thanks for flagging this — I'll check our outage map for your area right away and update you as soon as I have more information.
B,downloads are extremely slow for the past hour,NETWORK,slow_internet_speed,I understand slow speeds are frustrating. I'll run a line diagnostic to check your sync rate against your plan speed and let you know what I find.
B,we lost internet access since I woke up and nothing i try fixes it,NETWORK,no_internet_connection,"I'm sorry your internet is down. Let's start by power-cycling your ONT box: unplug it for 30 seconds, then plug it back in and wait 2 minutes. Let me know if the internet light comes back on."
B,the connection never finishes synchronising with the exchange,NETWORK,line_synchronization_issue,"A line stuck synchronising usually clears after a power-cycle, but if it persists I'll escalate to a line diagnostic on our end."
B,my whole neighbourhood seems to be without internet since yesterday,NETWORK,area_outage_report,Thanks for flagging this — I'll check our outage map for your area right away and update you as soon as I have more information.
B,"the remote fixes didn't work, i need an engineer on site",FIELDSERVICE,schedule_technician_visit,I can arrange an on-site visit. Let me check the earliest available slot for your address and confirm the appointment window with you.
B,my gateway shows a solid red light and wont connect,NETWORK,router_led_issue,Thanks for describing the light on your gateway. That colour usually points to a specific fault — I'll run a remote diagnostic on your line now and follow up with next steps.
B,"my internet has been down since yesterday, please help",NETWORK,no_internet_connection,"I'm sorry your internet is down. Let's start by power-cycling your router: unplug it for 30 seconds, then plug it back in and wait 2 minutes. Let me know if the internet light comes back on."
B,my phone line has no dial tone this morning,NETWORK,no_dial_tone,I'm sorry about the phone line. I'll trigger a remote line diagnostic to check for a dial-tone fault on your circuit.
B,can you send a technician to fix my gateway,FIELDSERVICE,schedule_technician_visit,I can arrange an on-site visit. Let me check the earliest available slot for your address and confirm the appointment window with you.
B,my home hub shows a orange light and wont connect,NETWORK,router_led_issue,Thanks for describing the light on your router. That colour usually points to a specific fault — I'll run a remote diagnostic on your line now and follow up with next steps.
B,i need someone to come look at my connection in person,FIELDSERVICE,schedule_technician_visit,I can arrange an on-site visit. Let me check the earliest available slot for your address and confirm the appointment window with you.
B,the connection speed dropped a lot since last night,NETWORK,slow_internet_speed,I understand slow speeds are frustrating. I'll run a line diagnostic to check your sync rate against your plan speed and let you know what I find.
B,my connection keeps dropping every few minutes,NETWORK,intermittent_connection,Intermittent drops are usually a line-sync or cabling issue. I'll check your connection history for repeated re-sync events over the last 24 hours.
B,the wifi disconnects randomly throughout the day,NETWORK,intermittent_connection,Intermittent drops are usually a line-sync or cabling issue. I'll check your connection history for repeated re-sync events over the last 24 hours.
B,i need someone to come look at my connection in person,FIELDSERVICE,schedule_technician_visit,I can arrange an on-site visit. Let me check the earliest available slot for your address and confirm the appointment window with you.
B,there is a loose cable outside near the wall box,FIELDSERVICE,cabling_issue_onsite,Thanks for reporting this — damaged cabling needs an on-site inspection. I'll schedule a technician to check and repair the wiring.
B,what time will the engineer come today,FIELDSERVICE,technician_visit_status,Let me check the current status of your scheduled visit and give you an updated arrival window.
B,my connection keeps dropping every few minutes,NETWORK,intermittent_connection,Intermittent drops are usually a line-sync or cabling issue. I'll check your connection history for repeated re-sync events over the last 24 hours.
B,we lost internet access for the past hour and nothing i try fixes it,NETWORK,no_internet_connection,"I'm sorry your internet is down. Let's start by power-cycling your router: unplug it for 30 seconds, then plug it back in and wait 2 minutes. Let me know if the internet light comes back on."
B,"is there an outage in my area, no one on my street has internet",NETWORK,area_outage_report,Thanks for flagging this — I'll check our outage map for your area right away and update you as soon as I have more information.
B,there is a loose cable outside near the wall box,FIELDSERVICE,cabling_issue_onsite,Thanks for reporting this — damaged cabling needs an on-site inspection. I'll schedule a technician to check and repair the wiring.
B,how long until the field technician gets to my address,FIELDSERVICE,technician_visit_status,Let me check the current status of your scheduled visit and give you an updated arrival window.
B,several of my neighbours also lost service since yesterday,NETWORK,area_outage_report,Thanks for flagging this — I'll check our outage map for your area right away and update you as soon as I have more information.
B,the line status shows still synchronising and never finishes,NETWORK,line_synchronization_issue,"A line stuck synchronising usually clears after a power-cycle, but if it persists I'll escalate to a line diagnostic on our end."
B,my technician appointment was missed since last night,FIELDSERVICE,missed_technician_appointment,"I'm really sorry the technician didn't arrive as scheduled. I'll escalate this and get you rebooked for the earliest available slot, with priority handling."
B,internet cuts out intermittently since last night,NETWORK,intermittent_connection,Intermittent drops are usually a line-sync or cabling issue. I'll check your connection history for repeated re-sync events over the last 24 hours.
B,the connection speed dropped a lot all week,NETWORK,slow_internet_speed,I understand slow speeds are frustrating. I'll run a line diagnostic to check your sync rate against your plan speed and let you know what I find.
B,how long until the field technician gets to my address,FIELDSERVICE,technician_visit_status,Let me check the current status of your scheduled visit and give you an updated arrival window.
B,my home hub has been stuck syncing since yesterday,NETWORK,line_synchronization_issue,"A line stuck synchronising usually clears after a power-cycle, but if it persists I'll escalate to a line diagnostic on our end."
B,the line keeps losing sync and reconnecting,NETWORK,intermittent_connection,Intermittent drops are usually a line-sync or cabling issue. I'll check your connection history for repeated re-sync events over the last 24 hours.
B,the line keeps losing sync and reconnecting,NETWORK,intermittent_connection,Intermittent drops are usually a line-sync or cabling issue. I'll check your connection history for repeated re-sync events over the last 24 hours.
B,my internet speed is way slower than what i pay for,NETWORK,slow_internet_speed,I understand slow speeds are frustrating. I'll run a line diagnostic to check your sync rate against your plan speed and let you know what I find.
B,i need to install a new internet connection at my new address,FIELDSERVICE,equipment_installation_request,Happy to help set up service at your new address. I'll get an installation appointment booked and confirm what our technician will bring on the day.
B,my internet speed is way slower than what i pay for,NETWORK,slow_internet_speed,I understand slow speeds are frustrating. I'll run a line diagnostic to check your sync rate against your plan speed and let you know what I find.
B,the router power light is solid red,NETWORK,router_led_issue,Thanks for describing the light on your gateway. That colour usually points to a specific fault — I'll run a remote diagnostic on your line now and follow up with next steps.
B,i have no internet connection all week,NETWORK,no_internet_connection,"I'm sorry your internet is down. Let's start by power-cycling your ONT box: unplug it for 30 seconds, then plug it back in and wait 2 minutes. Let me know if the internet light comes back on."
B,my technician appointment was missed all week,FIELDSERVICE,missed_technician_appointment,"I'm really sorry the technician didn't arrive as scheduled. I'll escalate this and get you rebooked for the earliest available slot, with priority handling."
B,"my internet has been down for the past hour, please help",NETWORK,no_internet_connection,"I'm sorry your internet is down. Let's start by power-cycling your home hub: unplug it for 30 seconds, then plug it back in and wait 2 minutes. Let me know if the internet light comes back on."
B,my internet speed is way slower than what i pay for,NETWORK,slow_internet_speed,I understand slow speeds are frustrating. I'll run a line diagnostic to check your sync rate against your plan speed and let you know what I find.
B,my whole neighbourhood seems to be without internet since I woke up,NETWORK,area_outage_report,Thanks for flagging this — I'll check our outage map for your area right away and update you as soon as I have more information.
B,streaming keeps buffering because the speed is too low,NETWORK,slow_internet_speed,I understand slow speeds are frustrating. I'll run a line diagnostic to check your sync rate against your plan speed and let you know what I find.
B,the home hub power light is blinking red,NETWORK,router_led_issue,Thanks for describing the light on your router. That colour usually points to a specific fault — I'll run a remote diagnostic on your line now and follow up with next steps.
B,the internet light on my ONT box is off,NETWORK,router_led_issue,Thanks for describing the light on your modem. That colour usually points to a specific fault — I'll run a remote diagnostic on your line now and follow up with next steps.
B,there is a loose cable outside near the wall box,FIELDSERVICE,cabling_issue_onsite,Thanks for reporting this — damaged cabling needs an on-site inspection. I'll schedule a technician to check and repair the wiring.
B,please book a technician visit for my address,FIELDSERVICE,schedule_technician_visit,I can arrange an on-site visit. Let me check the earliest available slot for your address and confirm the appointment window with you.
B,my phone line has no dial tone since I woke up,NETWORK,no_dial_tone,I'm sorry about the phone line. I'll trigger a remote line diagnostic to check for a dial-tone fault on your circuit.
B,i need to install a new internet connection at my new address,FIELDSERVICE,equipment_installation_request,Happy to help set up service at your new address. I'll get an installation appointment booked and confirm what our technician will bring on the day.
B,i just moved in and need the gateway installed,FIELDSERVICE,equipment_installation_request,Happy to help set up service at your new address. I'll get an installation appointment booked and confirm what our technician will bring on the day.
B,please schedule an installation for my new house,FIELDSERVICE,equipment_installation_request,Happy to help set up service at your new address. I'll get an installation appointment booked and confirm what our technician will bring on the day.
B,downloads are extremely slow all week,NETWORK,slow_internet_speed,I understand slow speeds are frustrating. I'll run a line diagnostic to check your sync rate against your plan speed and let you know what I find.
B,the wiring to my house was damaged during storm work nearby,FIELDSERVICE,cabling_issue_onsite,Thanks for reporting this — damaged cabling needs an on-site inspection. I'll schedule a technician to check and repair the wiring.
B,we lost internet access since I woke up and nothing i try fixes it,NETWORK,no_internet_connection,"I'm sorry your internet is down. Let's start by power-cycling your gateway: unplug it for 30 seconds, then plug it back in and wait 2 minutes. Let me know if the internet light comes back on."
B,internet cuts out intermittently since I woke up,NETWORK,intermittent_connection,Intermittent drops are usually a line-sync or cabling issue. I'll check your connection history for repeated re-sync events over the last 24 hours.
B,the technician never showed up for my appointment,FIELDSERVICE,missed_technician_appointment,"I'm really sorry the technician didn't arrive as scheduled. I'll escalate this and get you rebooked for the earliest available slot, with priority handling."
B,my modem shows a blinking red light and wont connect,NETWORK,router_led_issue,Thanks for describing the light on your router. That colour usually points to a specific fault — I'll run a remote diagnostic on your line now and follow up with next steps.
B,i waited all day and no one came for the scheduled visit,FIELDSERVICE,missed_technician_appointment,"I'm really sorry the technician didn't arrive as scheduled. I'll escalate this and get you rebooked for the earliest available slot, with priority handling."
B,there is no dial tone on my landline,NETWORK,no_dial_tone,I'm sorry about the phone line. I'll trigger a remote line diagnostic to check for a dial-tone fault on your circuit.
B,can i get an update on when the technician will arrive,FIELDSERVICE,technician_visit_status,Let me check the current status of your scheduled visit and give you an updated arrival window.
B,the wiring to my house was damaged during storm work nearby,FIELDSERVICE,cabling_issue_onsite,Thanks for reporting this — damaged cabling needs an on-site inspection. I'll schedule a technician to check and repair the wiring.
B,the modem power light is solid red,NETWORK,router_led_issue,Thanks for describing the light on your router. That colour usually points to a specific fault — I'll run a remote diagnostic on your line now and follow up with next steps.
B,can i get an update on when the technician will arrive,FIELDSERVICE,technician_visit_status,Let me check the current status of your scheduled visit and give you an updated arrival window.
B,"i pick up the phone and hear nothing, no dial tone at all",NETWORK,no_dial_tone,I'm sorry about the phone line. I'll trigger a remote line diagnostic to check for a dial-tone fault on your circuit.
B,please schedule an installation for my new house,FIELDSERVICE,equipment_installation_request,Happy to help set up service at your new address. I'll get an installation appointment booked and confirm what our technician will bring on the day.
B,my connection keeps dropping every few minutes,NETWORK,intermittent_connection,Intermittent drops are usually a line-sync or cabling issue. I'll check your connection history for repeated re-sync events over the last 24 hours.
B,the cable running into my house looks damaged,FIELDSERVICE,cabling_issue_onsite,Thanks for reporting this — damaged cabling needs an on-site inspection. I'll schedule a technician to check and repair the wiring.
B,i have no internet connection for the past hour,NETWORK,no_internet_connection,"I'm sorry your internet is down. Let's start by power-cycling your router: unplug it for 30 seconds, then plug it back in and wait 2 minutes. Let me know if the internet light comes back on."
B,please book a technician visit for my address,FIELDSERVICE,schedule_technician_visit,I can arrange an on-site visit. Let me check the earliest available slot for your address and confirm the appointment window with you.
B,the connection never finishes synchronising with the exchange,NETWORK,line_synchronization_issue,"A line stuck synchronising usually clears after a power-cycle, but if it persists I'll escalate to a line diagnostic on our end."
B,the modem power light is solid red,NETWORK,router_led_issue,Thanks for describing the light on your gateway. That colour usually points to a specific fault — I'll run a remote diagnostic on your line now and follow up with next steps.
B,the home hub power light is orange,NETWORK,router_led_issue,Thanks for describing the light on your home hub. That colour usually points to a specific fault — I'll run a remote diagnostic on your line now and follow up with next steps.
B,can i get an update on when the technician will arrive,FIELDSERVICE,technician_visit_status,Let me check the current status of your scheduled visit and give you an updated arrival window.
B,my technician appointment was missed all week,FIELDSERVICE,missed_technician_appointment,"I'm really sorry the technician didn't arrive as scheduled. I'll escalate this and get you rebooked for the earliest available slot, with priority handling."
B,"the remote fixes didn't work, i need an engineer on site",FIELDSERVICE,schedule_technician_visit,I can arrange an on-site visit. Let me check the earliest available slot for your address and confirm the appointment window with you.
B,there is no dial tone on my landline,NETWORK,no_dial_tone,I'm sorry about the phone line. I'll trigger a remote line diagnostic to check for a dial-tone fault on your circuit.
B,how long until the field technician gets to my address,FIELDSERVICE,technician_visit_status,Let me check the current status of your scheduled visit and give you an updated arrival window.
B,the cable running into my house looks damaged,FIELDSERVICE,cabling_issue_onsite,Thanks for reporting this — damaged cabling needs an on-site inspection. I'll schedule a technician to check and repair the wiring.
B,my home hub keeps rebooting on its own,NETWORK,router_led_issue,Thanks for describing the light on your router. That colour usually points to a specific fault — I'll run a remote diagnostic on your line now and follow up with next steps.
B,can you send a technician to fix my gateway,FIELDSERVICE,schedule_technician_visit,I can arrange an on-site visit. Let me check the earliest available slot for your address and confirm the appointment window with you.
B,what time will the engineer come today,FIELDSERVICE,technician_visit_status,Let me check the current status of your scheduled visit and give you an updated arrival window.
B,there is a loose cable outside near the wall box,FIELDSERVICE,cabling_issue_onsite,Thanks for reporting this — damaged cabling needs an on-site inspection. I'll schedule a technician to check and repair the wiring.
B,i need to install a new internet connection at my new address,FIELDSERVICE,equipment_installation_request,Happy to help set up service at your new address. I'll get an installation appointment booked and confirm what our technician will bring on the day.
B,can i get an update on when the technician will arrive,FIELDSERVICE,technician_visit_status,Let me check the current status of your scheduled visit and give you an updated arrival window.
B,"my internet has been down for the past hour, please help",NETWORK,no_internet_connection,"I'm sorry your internet is down. Let's start by power-cycling your home hub: unplug it for 30 seconds, then plug it back in and wait 2 minutes. Let me know if the internet light comes back on."
B,my whole neighbourhood seems to be without internet since yesterday,NETWORK,area_outage_report,Thanks for flagging this — I'll check our outage map for your area right away and update you as soon as I have more information.
B,the wiring to my house was damaged during storm work nearby,FIELDSERVICE,cabling_issue_onsite,Thanks for reporting this — damaged cabling needs an on-site inspection. I'll schedule a technician to check and repair the wiring.
B,there is no internet at my house for the past hour,NETWORK,no_internet_connection,"I'm sorry your internet is down. Let's start by power-cycling your home hub: unplug it for 30 seconds, then plug it back in and wait 2 minutes. Let me know if the internet light comes back on."
B,"the remote fixes didn't work, i need an engineer on site",FIELDSERVICE,schedule_technician_visit,I can arrange an on-site visit. Let me check the earliest available slot for your address and confirm the appointment window with you.
B,my internet speed is way slower than what i pay for,NETWORK,slow_internet_speed,I understand slow speeds are frustrating. I'll run a line diagnostic to check your sync rate against your plan speed and let you know what I find.
B,i just moved in and need the router installed,FIELDSERVICE,equipment_installation_request,Happy to help set up service at your new address. I'll get an installation appointment booked and confirm what our technician will bring on the day.
B,downloads are extremely slow for the past hour,NETWORK,slow_internet_speed,I understand slow speeds are frustrating. I'll run a line diagnostic to check your sync rate against your plan speed and let you know what I find.
B,the wifi disconnects randomly throughout the day,NETWORK,intermittent_connection,Intermittent drops are usually a line-sync or cabling issue. I'll check your connection history for repeated re-sync events over the last 24 hours.
B,can i get an update on when the technician will arrive,FIELDSERVICE,technician_visit_status,Let me check the current status of your scheduled visit and give you an updated arrival window.
B,how long until the field technician gets to my address,FIELDSERVICE,technician_visit_status,Let me check the current status of your scheduled visit and give you an updated arrival window.
B,please book a technician visit for my address,FIELDSERVICE,schedule_technician_visit,I can arrange an on-site visit. Let me check the earliest available slot for your address and confirm the appointment window with you.
B,please book a technician visit for my address,FIELDSERVICE,schedule_technician_visit,I can arrange an on-site visit. Let me check the earliest available slot for your address and confirm the appointment window with you.
B,i need to install a new internet connection at my new address,FIELDSERVICE,equipment_installation_request,Happy to help set up service at your new address. I'll get an installation appointment booked and confirm what our technician will bring on the day.
B,the technician never showed up for my appointment,FIELDSERVICE,missed_technician_appointment,"I'm really sorry the technician didn't arrive as scheduled. I'll escalate this and get you rebooked for the earliest available slot, with priority handling."
B,the line status shows still synchronising and never finishes,NETWORK,line_synchronization_issue,"A line stuck synchronising usually clears after a power-cycle, but if it persists I'll escalate to a line diagnostic on our end."
B,the connection never finishes synchronising with the exchange,NETWORK,line_synchronization_issue,"A line stuck synchronising usually clears after a power-cycle, but if it persists I'll escalate to a line diagnostic on our end."
B,"i pick up the phone and hear nothing, no dial tone at all",NETWORK,no_dial_tone,I'm sorry about the phone line. I'll trigger a remote line diagnostic to check for a dial-tone fault on your circuit.
B,the wifi disconnects randomly throughout the day,NETWORK,intermittent_connection,Intermittent drops are usually a line-sync or cabling issue. I'll check your connection history for repeated re-sync events over the last 24 hours.
B,"the remote fixes didn't work, i need an engineer on site",FIELDSERVICE,schedule_technician_visit,I can arrange an on-site visit. Let me check the earliest available slot for your address and confirm the appointment window with you.
B,please schedule an installation for my new house,FIELDSERVICE,equipment_installation_request,Happy to help set up service at your new address. I'll get an installation appointment booked and confirm what our technician will bring on the day.
B,my phone line has no dial tone since I woke up,NETWORK,no_dial_tone,I'm sorry about the phone line. I'll trigger a remote line diagnostic to check for a dial-tone fault on your circuit.
B,"the remote fixes didn't work, i need an engineer on site",FIELDSERVICE,schedule_technician_visit,I can arrange an on-site visit. Let me check the earliest available slot for your address and confirm the appointment window with you.
B,my phone line has no dial tone since last night,NETWORK,no_dial_tone,I'm sorry about the phone line. I'll trigger a remote line diagnostic to check for a dial-tone fault on your circuit.
B,can you send a technician to fix my home hub,FIELDSERVICE,schedule_technician_visit,I can arrange an on-site visit. Let me check the earliest available slot for your address and confirm the appointment window with you.
B,several of my neighbours also lost service since I woke up,NETWORK,area_outage_report,Thanks for flagging this — I'll check our outage map for your area right away and update you as soon as I have more information.
B,i need someone to come look at my connection in person,FIELDSERVICE,schedule_technician_visit,I can arrange an on-site visit. Let me check the earliest available slot for your address and confirm the appointment window with you.
B,internet cuts out intermittently this morning,NETWORK,intermittent_connection,Intermittent drops are usually a line-sync or cabling issue. I'll check your connection history for repeated re-sync events over the last 24 hours.
B,the wiring to my house was damaged during storm work nearby,FIELDSERVICE,cabling_issue_onsite,Thanks for reporting this — damaged cabling needs an on-site inspection. I'll schedule a technician to check and repair the wiring.
B,internet cuts out intermittently since I woke up,NETWORK,intermittent_connection,Intermittent drops are usually a line-sync or cabling issue. I'll check your connection history for repeated re-sync events over the last 24 hours.
B,i have no internet connection all week,NETWORK,no_internet_connection,"I'm sorry your internet is down. Let's start by power-cycling your gateway: unplug it for 30 seconds, then plug it back in and wait 2 minutes. Let me know if the internet light comes back on."
B,my internet speed is way slower than what i pay for,NETWORK,slow_internet_speed,I understand slow speeds are frustrating. I'll run a line diagnostic to check your sync rate against your plan speed and let you know what I find.
B,the cable running into my house looks damaged,FIELDSERVICE,cabling_issue_onsite,Thanks for reporting this — damaged cabling needs an on-site inspection. I'll schedule a technician to check and repair the wiring.
B,my phone line has no dial tone since I woke up,NETWORK,no_dial_tone,I'm sorry about the phone line. I'll trigger a remote line diagnostic to check for a dial-tone fault on your circuit.
B,i just moved in and need the modem installed,FIELDSERVICE,equipment_installation_request,Happy to help set up service at your new address. I'll get an installation appointment booked and confirm what our technician will bring on the day.
B,my phone line has no dial tone this morning,NETWORK,no_dial_tone,I'm sorry about the phone line. I'll trigger a remote line diagnostic to check for a dial-tone fault on your circuit.
B,the internet light on my home hub is off,NETWORK,router_led_issue,Thanks for describing the light on your router. That colour usually points to a specific fault — I'll run a remote diagnostic on your line now and follow up with next steps.
B,i have no internet connection since last night,NETWORK,no_internet_connection,"I'm sorry your internet is down. Let's start by power-cycling your ONT box: unplug it for 30 seconds, then plug it back in and wait 2 minutes. Let me know if the internet light comes back on."
B,i need to install a new internet connection at my new address,FIELDSERVICE,equipment_installation_request,Happy to help set up service at your new address. I'll get an installation appointment booked and confirm what our technician will bring on the day.
B,how long until the field technician gets to my address,FIELDSERVICE,technician_visit_status,Let me check the current status of your scheduled visit and give you an updated arrival window.
B,my connection keeps dropping every few minutes,NETWORK,intermittent_connection,Intermittent drops are usually a line-sync or cabling issue. I'll check your connection history for repeated re-sync events over the last 24 hours.
B,the line status shows still synchronising and never finishes,NETWORK,line_synchronization_issue,"A line stuck synchronising usually clears after a power-cycle, but if it persists I'll escalate to a line diagnostic on our end."
B,please schedule an installation for my new house,FIELDSERVICE,equipment_installation_request,Happy to help set up service at your new address. I'll get an installation appointment booked and confirm what our technician will bring on the day.
B,the internet light on my modem is off,NETWORK,router_led_issue,Thanks for describing the light on your modem. That colour usually points to a specific fault — I'll run a remote diagnostic on your line now and follow up with next steps.
B,"my internet has been down for the past hour, please help",NETWORK,no_internet_connection,"I'm sorry your internet is down. Let's start by power-cycling your router: unplug it for 30 seconds, then plug it back in and wait 2 minutes. Let me know if the internet light comes back on."
B,the wiring to my house was damaged during storm work nearby,FIELDSERVICE,cabling_issue_onsite,Thanks for reporting this — damaged cabling needs an on-site inspection. I'll schedule a technician to check and repair the wiring.
B,i waited all day and no one came for the scheduled visit,FIELDSERVICE,missed_technician_appointment,"I'm really sorry the technician didn't arrive as scheduled. I'll escalate this and get you rebooked for the earliest available slot, with priority handling."
B,my whole neighbourhood seems to be without internet since yesterday,NETWORK,area_outage_report,Thanks for flagging this — I'll check our outage map for your area right away and update you as soon as I have more information.
B,the connection speed dropped a lot since yesterday,NETWORK,slow_internet_speed,I understand slow speeds are frustrating. I'll run a line diagnostic to check your sync rate against your plan speed and let you know what I find.
B,"the remote fixes didn't work, i need an engineer on site",FIELDSERVICE,schedule_technician_visit,I can arrange an on-site visit. Let me check the earliest available slot for your address and confirm the appointment window with you.
B,my phone line has no dial tone for the past hour,NETWORK,no_dial_tone,I'm sorry about the phone line. I'll trigger a remote line diagnostic to check for a dial-tone fault on your circuit.
B,my modem keeps rebooting on its own,NETWORK,router_led_issue,Thanks for describing the light on your router. That colour usually points to a specific fault — I'll run a remote diagnostic on your line now and follow up with next steps.
B,the wifi disconnects randomly throughout the day,NETWORK,intermittent_connection,Intermittent drops are usually a line-sync or cabling issue. I'll check your connection history for repeated re-sync events over the last 24 hours.
B,the cable running into my house looks damaged,FIELDSERVICE,cabling_issue_onsite,Thanks for reporting this — damaged cabling needs an on-site inspection. I'll schedule a technician to check and repair the wiring.
B,streaming keeps buffering because the speed is too low,NETWORK,slow_internet_speed,I understand slow speeds are frustrating. I'll run a line diagnostic to check your sync rate against your plan speed and let you know what I find.
B,what time will the engineer come today,FIELDSERVICE,technician_visit_status,Let me check the current status of your scheduled visit and give you an updated arrival window.
B,"my internet has been down since last night, please help",NETWORK,no_internet_connection,"I'm sorry your internet is down. Let's start by power-cycling your modem: unplug it for 30 seconds, then plug it back in and wait 2 minutes. Let me know if the internet light comes back on."
B,the line status shows still synchronising and never finishes,NETWORK,line_synchronization_issue,"A line stuck synchronising usually clears after a power-cycle, but if it persists I'll escalate to a line diagnostic on our end."
B,my modem shows a orange light and wont connect,NETWORK,router_led_issue,Thanks for describing the light on your router. That colour usually points to a specific fault — I'll run a remote diagnostic on your line now and follow up with next steps.
B,several of my neighbours also lost service since I woke up,NETWORK,area_outage_report,Thanks for flagging this — I'll check our outage map for your area right away and update you as soon as I have more information.
B,the wiring to my house was damaged during storm work nearby,FIELDSERVICE,cabling_issue_onsite,Thanks for reporting this — damaged cabling needs an on-site inspection. I'll schedule a technician to check and repair the wiring.
B,my phone line has no dial tone for the past hour,NETWORK,no_dial_tone,I'm sorry about the phone line. I'll trigger a remote line diagnostic to check for a dial-tone fault on your circuit.
B,the connection never finishes synchronising with the exchange,NETWORK,line_synchronization_issue,"A line stuck synchronising usually clears after a power-cycle, but if it persists I'll escalate to a line diagnostic on our end."
B,my technician appointment was missed for the past hour,FIELDSERVICE,missed_technician_appointment,"I'm really sorry the technician didn't arrive as scheduled. I'll escalate this and get you rebooked for the earliest available slot, with priority handling."
B,streaming keeps buffering because the speed is too low,NETWORK,slow_internet_speed,I understand slow speeds are frustrating. I'll run a line diagnostic to check your sync rate against your plan speed and let you know what I find.
B,the line status shows still synchronising and never finishes,NETWORK,line_synchronization_issue,"A line stuck synchronising usually clears after a power-cycle, but if it persists I'll escalate to a line diagnostic on our end."
B,the line keeps losing sync and reconnecting,NETWORK,intermittent_connection,Intermittent drops are usually a line-sync or cabling issue. I'll check your connection history for repeated re-sync events over the last 24 hours.
B,the technician never showed up for my appointment,FIELDSERVICE,missed_technician_appointment,"I'm really sorry the technician didn't arrive as scheduled. I'll escalate this and get you rebooked for the earliest available slot, with priority handling."
B,several of my neighbours also lost service since last night,NETWORK,area_outage_report,Thanks for flagging this — I'll check our outage map for your area right away and update you as soon as I have more information.
B,i need to install a new internet connection at my new address,FIELDSERVICE,equipment_installation_request,Happy to help set up service at your new address. I'll get an installation appointment booked and confirm what our technician will bring on the day.
B,my ONT box has been stuck syncing this morning,NETWORK,line_synchronization_issue,"A line stuck synchronising usually clears after a power-cycle, but if it persists I'll escalate to a line diagnostic on our end."
B,can you send a technician to fix my home hub,FIELDSERVICE,schedule_technician_visit,I can arrange an on-site visit. Let me check the earliest available slot for your address and confirm the appointment window with you.
B,my phone line has no dial tone this morning,NETWORK,no_dial_tone,I'm sorry about the phone line. I'll trigger a remote line diagnostic to check for a dial-tone fault on your circuit.
B,"i pick up the phone and hear nothing, no dial tone at all",NETWORK,no_dial_tone,I'm sorry about the phone line. I'll trigger a remote line diagnostic to check for a dial-tone fault on your circuit.
B,how long until the field technician gets to my address,FIELDSERVICE,technician_visit_status,Let me check the current status of your scheduled visit and give you an updated arrival window.
B,can you send a technician to fix my gateway,FIELDSERVICE,schedule_technician_visit,I can arrange an on-site visit. Let me check the earliest available slot for your address and confirm the appointment window with you.
B,i need to install a new internet connection at my new address,FIELDSERVICE,equipment_installation_request,Happy to help set up service at your new address. I'll get an installation appointment booked and confirm what our technician will bring on the day.
B,i need someone to come look at my connection in person,FIELDSERVICE,schedule_technician_visit,I can arrange an on-site visit. Let me check the earliest available slot for your address and confirm the appointment window with you.
B,how long until the field technician gets to my address,FIELDSERVICE,technician_visit_status,Let me check the current status of your scheduled visit and give you an updated arrival window.
B,downloads are extremely slow since last night,NETWORK,slow_internet_speed,I understand slow speeds are frustrating. I'll run a line diagnostic to check your sync rate against your plan speed and let you know what I find.
B,my technician appointment was missed since last night,FIELDSERVICE,missed_technician_appointment,"I'm really sorry the technician didn't arrive as scheduled. I'll escalate this and get you rebooked for the earliest available slot, with priority handling."
B,"is there an outage in my area, no one on my street has internet",NETWORK,area_outage_report,Thanks for flagging this — I'll check our outage map for your area right away and update you as soon as I have more information.
B,please book a technician visit for my address,FIELDSERVICE,schedule_technician_visit,I can arrange an on-site visit. Let me check the earliest available slot for your address and confirm the appointment window with you.
B,downloads are extremely slow since yesterday,NETWORK,slow_internet_speed,I understand slow speeds are frustrating. I'll run a line diagnostic to check your sync rate against your plan speed and let you know what I find.
B,we lost internet access all week and nothing i try fixes it,NETWORK,no_internet_connection,"I'm sorry your internet is down. Let's start by power-cycling your home hub: unplug it for 30 seconds, then plug it back in and wait 2 minutes. Let me know if the internet light comes back on."
B,"the remote fixes didn't work, i need an engineer on site",FIELDSERVICE,schedule_technician_visit,I can arrange an on-site visit. Let me check the earliest available slot for your address and confirm the appointment window with you.
B,i just moved in and need the home hub installed,FIELDSERVICE,equipment_installation_request,Happy to help set up service at your new address. I'll get an installation appointment booked and confirm what our technician will bring on the day.
B,"the remote fixes didn't work, i need an engineer on site",FIELDSERVICE,schedule_technician_visit,I can arrange an on-site visit. Let me check the earliest available slot for your address and confirm the appointment window with you.
B,there is no internet at my house all week,NETWORK,no_internet_connection,"I'm sorry your internet is down. Let's start by power-cycling your router: unplug it for 30 seconds, then plug it back in and wait 2 minutes. Let me know if the internet light comes back on."
B,there is no internet at my house all week,NETWORK,no_internet_connection,"I'm sorry your internet is down. Let's start by power-cycling your modem: unplug it for 30 seconds, then plug it back in and wait 2 minutes. Let me know if the internet light comes back on."
B,please book a technician visit for my address,FIELDSERVICE,schedule_technician_visit,I can arrange an on-site visit. Let me check the earliest available slot for your address and confirm the appointment window with you.
B,the line keeps losing sync and reconnecting,NETWORK,intermittent_connection,Intermittent drops are usually a line-sync or cabling issue. I'll check your connection history for repeated re-sync events over the last 24 hours.
B,my whole neighbourhood seems to be without internet this morning,NETWORK,area_outage_report,Thanks for flagging this — I'll check our outage map for your area right away and update you as soon as I have more information.
B,i waited all day and no one came for the scheduled visit,FIELDSERVICE,missed_technician_appointment,"I'm really sorry the technician didn't arrive as scheduled. I'll escalate this and get you rebooked for the earliest available slot, with priority handling."
B,my phone line has no dial tone all week,NETWORK,no_dial_tone,I'm sorry about the phone line. I'll trigger a remote line diagnostic to check for a dial-tone fault on your circuit.
B,my modem has been stuck syncing all week,NETWORK,line_synchronization_issue,"A line stuck synchronising usually clears after a power-cycle, but if it persists I'll escalate to a line diagnostic on our end."
B,i waited all day and no one came for the scheduled visit,FIELDSERVICE,missed_technician_appointment,"I'm really sorry the technician didn't arrive as scheduled. I'll escalate this and get you rebooked for the earliest available slot, with priority handling."
B,the line status shows still synchronising and never finishes,NETWORK,line_synchronization_issue,"A line stuck synchronising usually clears after a power-cycle, but if it persists I'll escalate to a line diagnostic on our end."
B,the cable running into my house looks damaged,FIELDSERVICE,cabling_issue_onsite,Thanks for reporting this — damaged cabling needs an on-site inspection. I'll schedule a technician to check and repair the wiring.
B,can you send a technician to fix my router,FIELDSERVICE,schedule_technician_visit,I can arrange an on-site visit. Let me check the earliest available slot for your address and confirm the appointment window with you.
B,my gateway keeps rebooting on its own,NETWORK,router_led_issue,Thanks for describing the light on your ONT box. That colour usually points to a specific fault — I'll run a remote diagnostic on your line now and follow up with next steps.
B,"my internet has been down since yesterday, please help",NETWORK,no_internet_connection,"I'm sorry your internet is down. Let's start by power-cycling your home hub: unplug it for 30 seconds, then plug it back in and wait 2 minutes. Let me know if the internet light comes back on."
B,the connection speed dropped a lot since last night,NETWORK,slow_internet_speed,I understand slow speeds are frustrating. I'll run a line diagnostic to check your sync rate against your plan speed and let you know what I find.
B,several of my neighbours also lost service for the past hour,NETWORK,area_outage_report,Thanks for flagging this — I'll check our outage map for your area right away and update you as soon as I have more information.
B,the connection speed dropped a lot this morning,NETWORK,slow_internet_speed,I understand slow speeds are frustrating. I'll run a line diagnostic to check your sync rate against your plan speed and let you know what I find.
B,the line keeps losing sync and reconnecting,NETWORK,intermittent_connection,Intermittent drops are usually a line-sync or cabling issue. I'll check your connection history for repeated re-sync events over the last 24 hours.
B,can you send a technician to fix my gateway,FIELDSERVICE,schedule_technician_visit,I can arrange an on-site visit. Let me check the earliest available slot for your address and confirm the appointment window with you.
B,"my internet has been down this morning, please help",NETWORK,no_internet_connection,"I'm sorry your internet is down. Let's start by power-cycling your modem: unplug it for 30 seconds, then plug it back in and wait 2 minutes. Let me know if the internet light comes back on."
B,the ONT box power light is blinking red,NETWORK,router_led_issue,Thanks for describing the light on your router. That colour usually points to a specific fault — I'll run a remote diagnostic on your line now and follow up with next steps.
B,there is a loose cable outside near the wall box,FIELDSERVICE,cabling_issue_onsite,Thanks for reporting this — damaged cabling needs an on-site inspection. I'll schedule a technician to check and repair the wiring.
B,my connection keeps dropping every few minutes,NETWORK,intermittent_connection,Intermittent drops are usually a line-sync or cabling issue. I'll check your connection history for repeated re-sync events over the last 24 hours.
B,can i get an update on when the technician will arrive,FIELDSERVICE,technician_visit_status,Let me check the current status of your scheduled visit and give you an updated arrival window.
B,my internet speed is way slower than what i pay for,NETWORK,slow_internet_speed,I understand slow speeds are frustrating. I'll run a line diagnostic to check your sync rate against your plan speed and let you know what I find.
B,the internet light on my ONT box is off,NETWORK,router_led_issue,Thanks for describing the light on your gateway. That colour usually points to a specific fault — I'll run a remote diagnostic on your line now and follow up with next steps.
B,the wifi disconnects randomly throughout the day,NETWORK,intermittent_connection,Intermittent drops are usually a line-sync or cabling issue. I'll check your connection history for repeated re-sync events over the last 24 hours.
B,the connection speed dropped a lot since yesterday,NETWORK,slow_internet_speed,I understand slow speeds are frustrating. I'll run a line diagnostic to check your sync rate against your plan speed and let you know what I find.
B,i just moved in and need the modem installed,FIELDSERVICE,equipment_installation_request,Happy to help set up service at your new address. I'll get an installation appointment booked and confirm what our technician will bring on the day.
B,i waited all day and no one came for the scheduled visit,FIELDSERVICE,missed_technician_appointment,"I'm really sorry the technician didn't arrive as scheduled. I'll escalate this and get you rebooked for the earliest available slot, with priority handling."
B,the connection speed dropped a lot for the past hour,NETWORK,slow_internet_speed,I understand slow speeds are frustrating. I'll run a line diagnostic to check your sync rate against your plan speed and let you know what I find.
B,my whole neighbourhood seems to be without internet for the past hour,NETWORK,area_outage_report,Thanks for flagging this — I'll check our outage map for your area right away and update you as soon as I have more information.
B,my whole neighbourhood seems to be without internet since yesterday,NETWORK,area_outage_report,Thanks for flagging this — I'll check our outage map for your area right away and update you as soon as I have more information.
B,i need someone to come look at my connection in person,FIELDSERVICE,schedule_technician_visit,I can arrange an on-site visit. Let me check the earliest available slot for your address and confirm the appointment window with you.
B,the cable running into my house looks damaged,FIELDSERVICE,cabling_issue_onsite,Thanks for reporting this — damaged cabling needs an on-site inspection. I'll schedule a technician to check and repair the wiring.
